{
    "name": "t:sections.header.name",
    "type": "header",
    "sections": {
      "announcement-bar": {
        "type": "announcement-bar",
        "blocks": {
          "announcement-bar-0": {
            "type": "announcement",
            "settings": {
              "text": "Welcome to our store",
              "link": "#"
            }
          }
        },
        "block_order": [
          "announcement-bar-0"
        ],
        "settings": {
        }
      },
      "header": {
        "type": "header",
        "settings": {
        }
      }
    },
    "order": [
      "announcement-bar",
      "header"
    ]
  }